jenis,kode_trayek,trayek,jumlah_penumpang,
BRT,1,KORIDOR 1 (BLOK M - KOTA),2.031.443,
BRT,2,KORIDOR 2 (PULOGADUNG 1 - HARMONI),785.449,
BRT,3,KORIDOR 3 (KALIDERES - PASAR BARU),928.185,
BRT,4,KORIDOR 4 (PULOGADUNG 2 - DUKUH ATAS 2),698.444,
BRT,5,KORIDOR 5 (KAMPUNG MELAYU - ANCOL),926.056,
BRT,6,KORIDOR 6 (RAGUNAN - DUKUH ATAS 2),898.688,
BRT,7,KORIDOR 7 (KAMPUNG RAMBUTAN - KAMPUNG MELAYU),913.161,
BRT,8,KORIDOR 8 (LEBAK BULUS - HARMONI),976.372,
BRT,9,KORIDOR 9 (PINANG RANTI - PLUIT),1.382.629,
BRT,10,KORIDOR 10 (PGC 2 - PLUIT),751.396,
BRT,11,KORIDOR 11 (PULOGEBANG - KAMPUNG MELAYU),285.389,
BRT,12,KORIDOR 12 (PENJARINGAN - TANJUNG PRIOK),217.891,
BRT,13,KORIDOR 13 (CBD CILEDUG - BLOK M),685.745,
ANGKUTAN UMUM INTEGRASI,1A,PIK - BALAIKOTA,93.291,
ANGKUTAN UMUM INTEGRASI,1B,STASIUN PALMERAH - TOSARI,53.171,
ANGKUTAN UMUM INTEGRASI,1F,STASIUN PALMERAH - BUNDARAN SENAYAN,31.306,
ANGKUTAN UMUM INTEGRASI,1C,PESANGGRAHAN - BLOK M,51.344,
ANGKUTAN UMUM INTEGRASI,1E,PONDOK LABU - BLOK M,118.283,
ANGKUTAN UMUM INTEGRASI,1H,STASIUN TANAH ABANG - STASIUN GONDANGDIA,50.661,
ANGKUTAN UMUM INTEGRASI,1N,TANAH ABANG - BLOK M,23.925,
ANGKUTAN UMUM INTEGRASI,1P,SENEN - BUNDERAN SENAYAN,30.716,
ANGKUTAN UMUM INTEGRASI,1Q,REMPOA - BLOK M,48.864,
ANGKUTAN UMUM INTEGRASI,1R,STASIUN PASAR SENEN - STASIUN TANAH ABANG,39.866,
ANGKUTAN UMUM INTEGRASI,2K,HARAPAN INDAH - JAKARTA GARDEN CITY,2.155,
ANGKUTAN UMUM INTEGRASI,3D,PENJARINGAN - RAWA BUAYA,32.759,
ANGKUTAN UMUM INTEGRASI,3E,SENTRALAND CENGKARENG - PURI KEMBANGAN,30.582,
ANGKUTAN UMUM INTEGRASI,4A,TU GAS - GROGOL 2,22.846,
ANGKUTAN UMUM INTEGRASI,4B,STASIUN MANGGARAI - UI,183.517,
ANGKUTAN UMUM INTEGRASI,4C,TU GAS - BUNDERAN SENAYAN,14.296,
ANGKUTAN UMUM INTEGRASI,4F,PONDOK GEDE - PULOGADUNG 2,128.726,
ANGKUTAN UMUM INTEGRASI,DA1,DUKUH ATAS - RATULANGI,5.286,
ANGKUTAN UMUM INTEGRASI,DA2,DUKUH ATAS - TANAH ABANG,4.125,
ANGKUTAN UMUM INTEGRASI,DA3,DUKUH ATAS - KUNINGAN,4.887,
ANGKUTAN UMUM INTEGRASI,DA4,DUKUH ATAS - KOTA,3.713,
ANGKUTAN UMUM INTEGRASI,5A,KAMPUNG MELAYU - GROGOL 1,24.712,
ANGKUTAN UMUM INTEGRASI,5B,STASIUN TEBET - BIDARA CINA,40.172,
ANGKUTAN UMUM INTEGRASI,5F,KAMPUNG MELAYU - TANAH ABANG,60.639,
ANGKUTAN UMUM INTEGRASI,6C,STASIUN TEBET - KARET,260.161,
ANGKUTAN UMUM INTEGRASI,6H,LEBAK BULUS - STASIUN SENEN,118.685,
ANGKUTAN UMUM INTEGRASI,6M,BLOK M - STASIUN MANGGARAI,84.05,
ANGKUTAN UMUM INTEGRASI,6N,RAGUNAN - BLOK M VIA KEMANG,89.16,
ANGKUTAN UMUM INTEGRASI,6Q,EPICENTRUM - CASABLANCA,11.377,
ANGKUTAN UMUM INTEGRASI,7A,KAMPUNG RAMBUTAN - LEBAK BULUS,94.74,
ANGKUTAN UMUM INTEGRASI,7B,KAMPUNG RAMBUTAN - BLOK M,81.28,
ANGKUTAN UMUM INTEGRASI,7D,CAWANG UKI - TMII,58.821,
ANGKUTAN UMUM INTEGRASI,7E,KAMPUNG RAMBUTAN - RAGUNAN,11.546,
ANGKUTAN UMUM INTEGRASI,7N,GANDARIA - KAMPUNG RAMBUTAN,8.678,
ANGKUTAN UMUM INTEGRASI,8C,KEBAYORAN LAMA - TANAH ABANG,92.596,
ANGKUTAN UMUM INTEGRASI,8D,JOGLO - BLOK M,76.728,
ANGKUTAN UMUM INTEGRASI,8E,BINTARO - BLOK M,48.917,
ANGKUTAN UMUM INTEGRASI,8K,BATUSARI - TANAH ABANG,30.964,
ANGKUTAN UMUM INTEGRASI,9D,PASAR MINGGU - TANAH ABANG,99.546,
ANGKUTAN UMUM INTEGRASI,9E,KEBAYORAN LAMA - GROGOL 2,62.067,
ANGKUTAN UMUM INTEGRASI,9H,CIPEDAK - BLOK M,49.17,
ANGKUTAN UMUM INTEGRASI,11A,PULO GEBANG - RAWAMANGUN,9.626,
ANGKUTAN UMUM INTEGRASI,11D,PULO GEBANG - PULO GADUNG 2 (VIA PIK),69.45,
ANGKUTAN UMUM INTEGRASI,11Q,KAMPUNG MELAYU - PULOGEBANG VIA BKT,51.088,
ANGKUTAN UMUM INTEGRASI,11T,PULO GEBANG - STASIUN CAKUNG,621,
ANGKUTAN UMUM INTEGRASI,11U,PULO GEBANG - STASIUN CAKUNG - CILINCING,6.908,1
TRANSJABODETABEK,,PULO GEBANG - LEBAK BULUS,40,
TRANSJABODETABEK,,PULO GEBANG - PINANG RANTI,24,
TRANSJABODETABEK,,PULO GEBANG - PASAR MINGGU,34,
TRANSJABODETABEK,,PULO GEBANG - TANJUNG PRIUK,20,
TRANSJABODETABEK,12A,KOTA - PELABUHAN KALIADEM,8.691,
TRANSJABODETABEK,12B,PLUIT - STASIUN SENEN,27.24,
TRANSJABODETABEK,12E,HISTORY OF JAKARTA EXPLORER,5.898,
TRANSJABODETABEK,12K,ASEMKA EXPLORER,7.392,
TRANSJABODETABEK,MR1,CSW - PAKUBUWONO,862,
TRANSJABODETABEK,MR2,CSW - KRAMTA PELA,3.802,
TRANSJABODETABEK,MR3,CSW - WIJAYA,1.692,
TRANSJABODETABEK,MR5,STASIUN MRT BLOK A - RADIO DALAM,1.748,
TRANSJABODETABEK,MR8,CIPETE - ANTASARI,1.795,
TRANSJABODETABEK,B11,SUMMARECON BEKASI - TOSARI,56.413,
TRANSJABODETABEK,B12,SUMMARECON BEKASI - TANJUNG PRIOK,35.578,
TRANSJABODETABEK,B21,BEKASI TIMUR - GROGOL 2,70.884,
TRANSJABODETABEK,B22,BEKASI TIMUR - JUANDA,46.22,
TRANSJABODETABEK,D11,DEPOK - BKN,89.432,
TRANSJABODETABEK,D21,UI - LEBAK BULUS,79.127,
TRANSJABODETABEK,S11,BSD - GROGOL 2,103.472,
TRANSJABODETABEK,S21,CIPUTAT - TOSARI,142.397,
TRANSJABODETABEK,S22,CIPUTAT - KAMPUNG RAMBUTAN,94.459,
TRANSJABODETABEK,S41,PONDOK CABE - TANAH ABANG,29.624,
TRANSJABODETABEK,T11,PORIS PLAWAD - BUNDARAN SENAYAN,195.786,
TRANSJABODETABEK,T12,PORIS PLAWAD - JUANDA,70.489,
TRANSJABODETABEK,7C,CIBUBUR - BKN,155.9,
TRANSJABODETABEK,2B,HARAPAN INDAH - ASMI,76.494,
TRANSJABODETABEK,B13,BEKASI BARAT - BLOK M,17.497,
TRANSJABODETABEK,B14,BEKASI BARAT - KUNINGAN,13.348,
TRANSJABODETABEK,B23,BEKASI TIMUR - TEBET,891,
TRANSJABODETABEK,B24,BEKASI TIMUR - KALIDERES,4.617,
ANGKUTAN EKSEKUTIF ROYAL TRANS ,1K,CIBUBUR JUNCTION - BLOK M,11.521,
ANGKUTAN EKSEKUTIF ROYAL TRANS ,1T,CIBUBUR - KOTA,9.425,
TRANSJABODETABEK,6P,CIBUBUR - KUNINGAN,10.853,
TRANSJABODETABEK,13A,CBD - MONAS,888,
TRANSJABODETABEK,1U,TAMAN MINI - BALAI KOTA,3.691,
TRANSJABODETABEK,D31,CINERE - KUNINGAN,1.012,
TRANSJABODETABEK,S31,BINTARO - BLOK M VIA JORR,7.693,
TRANSJABODETABEK,S12,BSD - BUNDERAN SENAYAN,8.76,
TRANSJABODETABEK,,JATI BENING - BLOK M,1.375,
TRANSJABODETABEK,,JATI BENING - KUNINGAN,1.158,
TRANSJABODETABEK,GR1,BUNDARAN SENAYAN - HARMONI (BUS GRATIS),285.272,
TRANSJABODETABEK,GR2,TANAH ABANG EXPLORER,249.49,
TRANSJABODETABEK,,POLDA - GBK (VIA SCBD),0,
TRANSJABODETABEK,TJC,TRANSJAKARTA CARES,3.682,
TRANSJABODETABEK,G1,GRATIS GATE NON BRT,2.841,
 ANGKUTAN UMUM LAINNYA ,,ROMBONGAN IHF TROFI TAHUN 2019,1.712,
 ANGKUTAN UMUM LAINNYA ,,ROMBONGAN JIC-CIBUBUR (BERBAYAR),0,
 ANGKUTAN UMUM LAINNYA ,,ROMBONGAN DPR MRT,0,
 ANGKUTAN UMUM LAINNYA ,,ROMBONGAN INDO TEMPO DOELOE,0,
 ANGKUTAN UMUM LAINNYA ,,ROMBONGAN RUMAH ZAKAT,876,
 ANGKUTAN UMUM LAINNYA ,,ROMBONGAN YAYASAN PANTI NURUL HUDA,55,
 ANGKUTAN UMUM LAINNYA ,,ROMBONGAN ANAK YATIM  Y.P PETAMBURAN,120,
 ANGKUTAN INTEGRASI BUS KECIL ,JAK-1,TANJUNG PRIOK-PLUMPANG,62.72,
 ANGKUTAN INTEGRASI BUS KECIL ,JAK-2,DUREN SAWIT - KAMPUNG MELAYU,57.778,
 ANGKUTAN INTEGRASI BUS KECIL ,JAK-3,LEBAK BULUS - PONDOK LABU,56.8,
 ANGKUTAN INTEGRASI BUS KECIL ,JAK-4,GROGOL - TUBAGUS ANGKE,63.854,
 ANGKUTAN INTEGRASI BUS KECIL ,JAK-5,SEMPER - ROROTAN,81.998,
 ANGKUTAN INTEGRASI BUS KECIL ,JAK-6,KAMPUNG RAMBUTAN - PONDOK GEDE,71.967,
 ANGKUTAN INTEGRASI BUS KECIL ,JAK-7,TANAH ABANG-TAWAKAL,67.292,
 ANGKUTAN INTEGRASI BUS KECIL ,JAK-10,TANAH ABANG-KOTA,13.859,
 ANGKUTAN INTEGRASI BUS KECIL ,JAK-11,TANAH ABANG-KEBAYORAN LAMA,27.654,
 ANGKUTAN INTEGRASI BUS KECIL ,JAK-12,TANAH ABANG- KAMPUNG BARU KEBAYORAN,18.986,
 ANGKUTAN INTEGRASI BUS KECIL ,JAK-14,TANAH ABANG-MERUYA,63.692,
 ANGKUTAN INTEGRASI BUS KECIL ,JAK-15,BULAK TURI - TANJUNG PRIOK,158.908,
 ANGKUTAN INTEGRASI BUS KECIL ,JAK-16,PGC - CONDET,125.966,
 ANGKUTAN INTEGRASI BUS KECIL ,JAK-17,PULOGADUNG - SENEN ,43.74,
 ANGKUTAN INTEGRASI BUS KECIL ,JAK-18,KALIBATA - KUNINGAN,32.817,
 ANGKUTAN INTEGRASI BUS KECIL ,JAK-19,PINANG RANTI - SETU,190.639,
 ANGKUTAN INTEGRASI BUS KECIL ,JAK-20,LUBANG BUAYA - CAWANG UKI,111.696,
 ANGKUTAN INTEGRASI BUS KECIL ,JAK-21,DWIKORA - CILILITAN,113.149,
 ANGKUTAN INTEGRASI BUS KECIL ,JAK-22,DWIKORA - PENAS,41.687,
 ANGKUTAN INTEGRASI BUS KECIL ,JAK-24,PULOGADUNG-PASAR SENEN,68.39,
 ANGKUTAN INTEGRASI BUS KECIL ,JAK-25,PASAR REBO - KALISARI,69.645,
 ANGKUTAN INTEGRASI BUS KECIL ,JAK-26,RAWAMANGUN-KALIMALANG,61.493,
 ANGKUTAN INTEGRASI BUS KECIL ,JAK-27,PULOGEBANG - ROROTAN,74.637,
 ANGKUTAN INTEGRASI BUS KECIL ,JAK-28,PASAR REBO - TAMAN WILADATIKA,81.359,
 ANGKUTAN INTEGRASI BUS KECIL ,JAK-29,TANJUNG PRIOK - KELAPA GADING,128.068,
 ANGKUTAN INTEGRASI BUS KECIL ,JAK-30,MERUYA - CITRALAND,187.972,
 ANGKUTAN INTEGRASI BUS KECIL ,JAK-31,BLOK M - PONDOK LABU,109.605,
 ANGKUTAN INTEGRASI BUS KECIL ,JAK-32,PETUKANGAN - LEBAK BULUS,128.768,
 ANGKUTAN INTEGRASI BUS KECIL ,JAK-33,PULO GADUNG - KOTA,61.657,
 ANGKUTAN INTEGRASI BUS KECIL ,JAK-34,RAWAMANGUN - KLENDER,18.788,
 ANGKUTAN INTEGRASI BUS KECIL ,JAK-37,CILILITAN - CONDET VIA KAYU MANIS,114.06,
 ANGKUTAN INTEGRASI BUS KECIL ,JAK-44,LENTENG ANGGUNG - ANDARA,71.521,
 ANGKUTAN INTEGRASI BUS KECIL ,JAK-45,LEBAK BULUS-RAGUNAN,96.794,
 ANGKUTAN INTEGRASI BUS KECIL ,JAK-50,KALIDERES - PURIKEMBANGAN,64.714,
 ANGKUTAN INTEGRASI BUS KECIL ,JAK-51,TAMAN KOTA - BUDI LUHUR,107.829,
 ANGKUTAN INTEGRASI BUS KECIL ,JAK-56,GROGOL - SRENGSENG,576,
 ANGKUTAN INTEGRASI BUS KECIL ,JAK-58,ISLAMIC - ROROTAN,69.439,
 ANGKUTAN INTEGRASI BUS KECIL ,JAK-59,RAWAMANGUN-RAWASENGON,90.675,
 ANGKUTAN INTEGRASI BUS KECIL ,JAK-60,KELAPA GADING - RUSUN KEMAYORAN,918,
 ANGKUTAN INTEGRASI BUS KECIL ,JAK-61,PULOGADUNG-CEMPAKA MAS,38.729,
ANGKUTAN WISATA,BW1,SEJARAH JAKARTA,41.517,
ANGKUTAN WISATA,BW2,JAKARTA MODERN,23.39,
ANGKUTAN WISATA,BW3,PENCAKAR LANGIT,14.422,
ANGKUTAN WISATA,BW5,WISATA KALIJODO,8.583,
ANGKUTAN WISATA,BW6,MAKAM MBAH PRIUK,1.567,
ANGKUTAN WISATA,BW7,JAKARTA BELANJA,3.195,
ANGKUTAN UMUM INTEGRASI RUSUN,2E,RUSUN RAWA BEBEK - PAKIN,12.455,
ANGKUTAN UMUM INTEGRASI RUSUN,2F,RUSUN CAKUNG BARAT (ALBO) - PULO GADUNG 1,21.822,
ANGKUTAN UMUM INTEGRASI RUSUN,2H,RUSUN JATI RAWASARI - SENEN,4.279,
ANGKUTAN UMUM INTEGRASI RUSUN,3A,RUSUN PESAKIH - KALIDERES,28.01,
ANGKUTAN UMUM INTEGRASI RUSUN,3B,RUSUN FLAMBOYAN - KALIDERES,7.256,
ANGKUTAN UMUM INTEGRASI RUSUN,3C,RUSUN KAPUK MUARA - PENJARINGAN,6.627,
ANGKUTAN UMUM INTEGRASI RUSUN,4E,RUSUN JATINEGARA KAUM - PULO GADUNG 2,2.861,
ANGKUTAN UMUM INTEGRASI RUSUN,9F,RUSUN TAMBORA - PLUIT,6.211,
ANGKUTAN UMUM INTEGRASI RUSUN,10A,RUSUN MARUNDA - TANJUNG PRIOK,43.999,
ANGKUTAN UMUM INTEGRASI RUSUN,10B,RUSUN CIPINANG BESAR SELATAN - PENAS KALIMALANG,10.637,
ANGKUTAN UMUM INTEGRASI RUSUN,11B,RUSUN RAWA BEBEK - PENGGILINGAN,6.959,
ANGKUTAN UMUM INTEGRASI RUSUN,11C,RUSUN PINUS ELOK - RUSUN PULO GEBANG,26.259,
ANGKUTAN UMUM INTEGRASI RUSUN,11K,RUSUN KOMARUDIN - PENGGILINGAN,8.352,
ANGKUTAN UMUM INTEGRASI RUSUN,11M,RUSUN RAWA BEBEK - BUKIT DURI,33.042,
ANGKUTAN UMUM INTEGRASI RUSUN,11N,RUSUN CIPINANG MUARA - JATINEGARA,3.263,
ANGKUTAN UMUM INTEGRASI RUSUN,11P,RUSUN PONDOK BAMBU - WALIKOTA JAKARTA TIMUR,2.9,
ANGKUTAN UMUM INTEGRASI RUSUN,11R,RUSUN CAKUNG KM 2 - BUKIT DURI,7.649,
ANGKUTAN UMUM INTEGRASI RUSUN,12C,RUSUN WADUK PLUIT- PENJARINGAN,9.647,
ANGKUTAN UMUM INTEGRASI RUSUN,12D,RUSUN SUKAPURA - SUNTER (VIA KELAPA GADING),7.328,
ANGKUTAN UMUM INTEGRASI RUSUN,12F,RUSUN MARUNDA - RUSUN WADUK PLUIT,24.434,
ANGKUTAN UMUM INTEGRASI RUSUN,12H,RUSUN PENJARINGAN - PENJARINGAN,4.727,
